alpha_inferred_expt,median,p2.5,p97.5,covered
3.4,1.4003831807893612,0.6280168849970408,3.5839923151303017,True
